model,1,6
CatBoostModel,56.666666666666664,51.11111111111111
RandomForest,45.55555555555556,48.88888888888889
RegressionModel,45.55555555555556,48.88888888888889
XGBModel,56.666666666666664,46.666666666666664
