model,1,6
CatBoostModel,31.614944025588642,33.26241578141885
RandomForest,28.214596524773935,28.307035371962247
RegressionModel,28.214596524773935,28.307035371962247
XGBModel,33.97584273291404,30.612634247018264
